,level_0,index,exporter,importer,value,quantity
0,0,114231,AUS,CHN,14453323.519,31101830.0
1,1,148444,AUS,JPN,12457934.877,26638900.0
2,2,7338550,QAT,KOR,5532920.064,11468764.0
3,3,5651145,MYS,JPN,4400042.022,10227242.118
4,4,7344802,QAT,IND,4292901.807,9926910.0
5,5,152052,AUS,KOR,5110792.327,9464549.0
6,6,7334741,QAT,CHN,4337466.963,8977802.0
7,7,7338201,QAT,JPN,3790359.809,8970200.0
8,8,5621690,MYS,CHN,3215448.638,8462034.917
9,9,10883446,USA,KOR,4258490.158,8276341.01
10,10,10762739,USA,CHN,3892352.32,8127826.099
11,11,10873520,USA,JPN,3323611.359,6743253.09
13,13,7521786,RUS,JPN,1747569.258,5884314.855
14,14,10728147,USA,BRA,2976867.925,5674788.823
15,15,7343673,QAT,PAK,2214900.205,5648410.0
16,16,4113965,IDN,CHN,2331548.023,5018264.398
17,17,7490240,RUS,CHN,1368872.642,4976691.843
18,18,7337838,QAT,ITA,2172225.634,4842430.0
20,20,7503533,RUS,FRA,2081296.956,4567034.082
21,21,6162554,OMN,KOR,2023426.563,4414898.0
22,22,7348070,QAT,GBR,1971763.809,4279388.8
23,23,1002980,BRN,JPN,2085080.82,4262042.751
24,24,5654798,MYS,KOR,1633703.692,3917811.632
25,25,11030118,USA,ESP,2300524.762,3730206.72
26,26,22531,DZA,FRA,1304070.531,3503172.449
27,27,6828106,PNG,JPN,1807515.511,3499890.0
28,28,11007029,USA,IND,1680128.383,3403628.235
29,29,9763309,ARE,IND,1358750.68,3310880.0
30,30,6827683,PNG,CHN,1522060.475,3162702.0
31,31,10810673,USA,FRA,1246133.916,3013684.466
32,32,6649314,NGA,ESP,1071276.549,2877890.0
33,33,6150963,MOZ,ZAF,246648.02,2875204.043
34,34,11058175,USA,TUR,1459274.094,2838342.504
35,35,11070489,USA,GBR,1320918.219,2631957.101
36,36,7573049,RUS,ESP,1438244.8,2630890.131
37,37,7346630,QAT,THA,1082959.764,2593445.3
38,38,7593550,RUS,GBR,1231702.302,2553803.343
39,39,4145365,IDN,KOR,1014592.647,2387392.642
40,40,25849,DZA,ESP,763287.88,2349652.0
41,41,10758373,USA,CHL,1112499.306,2315401.696
42,42,10937089,USA,NLD,1269614.524,2235003.602
43,43,201004,AUS,SGP,1190397.048,2214516.8
44,44,6647049,NGA,PRT,554708.326,2139911.0
45,45,9600437,TTO,USA,776721.044,2129073.122
46,46,7528293,RUS,KOR,546556.156,2095837.007
47,47,4141648,IDN,JPN,923819.034,1994177.564
48,48,6162007,OMN,JPN,837995.382,1904290.0
49,49,6640975,NGA,FRA,633790.326,1736044.588
50,50,7549805,RUS,NLD,402199.794,1711415.131
52,52,6157315,OMN,CHN,790015.487,1622724.7
53,53,7345876,QAT,ESP,554417.538,1614289.2
54,54,7334043,QAT,BEL,1119962.648,1553575.0
55,55,6638098,NGA,CHN,843533.322,1521479.4
56,56,10692612,USA,ARG,708635.257,1489203.961
57,57,6647678,NGA,IND,757173.23,1466890.0
60,60,9686242,ARE,JPN,615740.124,1325210.0
61,61,10824980,USA,GRC,968179.557,1320791.742
62,62,10309805,EGY,CHN,585149.091,1311981.0
63,63,6169648,OMN,IND,671503.689,1246770.0
65,65,10981096,USA,PRT,674396.347,1106294.976
66,66,5708375,MYS,THA,425415.349,1087837.282
67,67,10334815,EGY,IND,391588.278,1070500.0
68,68,43863,AGO,IND,823154.432,1056500.0
69,69,7333657,QAT,ARG,337572.992,1000949.0
70,70,7335954,QAT,FRA,361038.265,990646.147
71,71,10789025,USA,DOM,378092.41,960460.747
72,72,10977481,USA,POL,472326.407,918692.466
73,73,9599964,TTO,ESP,216787.352,901422.4
74,74,23652,DZA,ITA,498573.252,881530.0
75,75,7476496,RUS,BEL,391030.839,867399.51
76,76,6643512,NGA,JPN,463061.305,844929.0
77,77,10329823,EGY,PAK,348548.973,842948.0
78,78,1298860,CAN,MEX,306019.73,835448.887
79,79,6861355,PER,KOR,386116.208,790021.42
80,80,23368,DZA,GRC,212913.883,783493.4
81,81,6650100,NGA,THA,349482.123,781365.5
82,82,215546,AUS,THA,913106.585,773799.7
83,83,41447,AGO,PAK,292314.745,759054.0
84,84,7336818,QAT,GRC,308209.214,748818.2
85,85,9634968,ARE,CHN,530611.388,707980.9
86,86,159880,AUS,MYS,262606.171,703903.0
87,87,9596336,TTO,CAN,125902.454,685048.8
88,88,6875483,PER,GBR,287058.859,679329.866
89,89,10776138,USA,HRV,489411.882,670847.684
90,90,6644103,NGA,KOR,339566.108,659031.4
91,91,10960701,USA,PAK,343081.23,658712.789
92,92,7559044,RUS,PRT,166625.176,658258.971
93,93,10864938,USA,ITA,271854.491,648478.952
94,94,1002327,BRN,CHN,282930.223,630838.785
95,95,10887784,USA,KWT,323462.211,629146.057
96,96,27380,DZA,GBR,357738.367,618111.5
97,97,10897194,USA,LTU,270110.303,604840.683
99,99,34017,AGO,CHN,282798.041,566383.31
100,100,1200839,CMR,CHN,524784.874,538464.4
101,101,10545752,GBR,NLD,340001.711,519967.0
102,102,9596616,TTO,CHL,173910.742,502910.51
105,105,11011335,USA,SGP,204630.8,461520.263
106,106,2616716,GNQ,CHN,221458.907,460911.3
107,107,198597,AUS,IND,122884.595,458925.0
108,108,6860832,PER,JPN,204065.004,452347.521
109,109,2617041,GNQ,ESP,171833.839,444048.0
110,110,9596641,TTO,CHN,283568.313,428722.6
111,111,4529532,ITA,DEU,147168.429,426111.0
112,112,10878339,USA,JOR,153674.138,381850.255
113,113,7626299,SAU,IDN,247780.553,362753.0
114,114,6854978,PER,FRA,127734.574,354002.643
115,115,3114762,FRA,IND,171545.239,347085.849
116,116,2617003,GNQ,IND,136783.053,346548.0
117,117,6643434,NGA,JAM,141079.247,333106.0
118,118,9599816,TTO,IND,113095.233,323150.0
119,119,2616714,GNQ,CHL,107332.131,301365.74
120,120,7537392,RUS,LTU,127977.037,301159.53
121,121,44996,AGO,ESP,413845.86,278859.0
122,122,9737586,ARE,PAK,107615.907,277884.0
123,123,2616854,GNQ,JPN,142195.204,260097.0
124,124,6172653,OMN,THA,185280.13,255032.6
125,125,10869597,USA,JAM,137480.23,254338.868
126,126,10337183,EGY,ESP,180457.831,253479.0
127,127,4157535,IDN,MEX,42458.427,253220.2
128,128,10474760,GBR,IRL,240196.725,250675.0
129,129,9596014,TTO,BRA,134796.616,249334.95
130,130,10335273,EGY,SGP,100816.627,248808.5
131,131,11044689,USA,THA,88841.821,247954.332
132,132,21815,DZA,CHN,93515.687,243751.8
133,133,9694210,ARE,KOR,136752.078,242811.0
134,134,9600081,TTO,THA,72727.164,237953.9
135,135,6646835,NGA,PAK,51207.544,221420.0
136,136,1003457,BRN,MYS,73567.334,216637.976
137,137,43992,AGO,SGP,242780.402,214275.5
138,138,10915994,USA,MEX,110011.387,213976.248
139,139,725631,BEL,IND,130098.967,210528.0
140,140,1204730,CMR,IND,54855.77,205103.0
141,141,5613525,MYS,MMR,73203.017,201271.587
142,142,2617074,GNQ,THA,63643.963,200947.0
144,144,10707185,USA,BGD,101738.702,197885.567
145,145,6864442,PER,NLD,172390.25,197589.169
146,146,6644984,NGA,NLD,79186.707,195592.0
147,147,10319820,EGY,JPN,113921.365,194576.0
148,148,9599398,TTO,MLT,97570.347,194238.0
149,149,10319053,EGY,ITA,65672.626,194171.0
150,150,10321611,EGY,KOR,89332.851,192506.44
151,151,1006761,BRN,THA,78552.193,189887.906
152,152,6643300,NGA,ITA,52300.364,186183.0
153,153,6828146,PNG,KOR,238194.772,184690.2
154,154,10620676,GBR,ESP,97654.517,183648.0
155,155,7501705,RUS,FIN,76554.873,181655.92
156,156,9600275,TTO,GBR,31701.073,181537.5
158,158,2812862,FIN,SWE,82280.145,178176.0
159,159,1003024,BRN,KOR,65930.52,176220.046
160,160,8943826,ESP,IND,83273.072,175072.151
161,161,2891934,FRA,CHN,120256.916,174639.036
162,162,6842399,PER,CAN,34709.849,162858.37
163,163,8094645,SGP,CHN,189295.206,161708.122
164,164,10314066,EGY,FRA,58543.867,159540.494
165,165,7574907,RUS,SWE,66315.265,157369.037
166,166,2617016,GNQ,SGP,67969.393,155457.41
167,167,7345185,QAT,SGP,53886.435,154117.1
168,168,8741993,ESP,CHN,46299.018,150933.104
169,169,6846495,PER,CHN,79562.752,149464.593
170,170,8996008,ESP,USA,109273.173,146764.0
171,171,6308357,NLD,GIB,123017.293,146095.0
172,172,7344078,QAT,PRT,45627.303,145453.366
173,173,6871822,PER,ESP,130324.033,144051.729
174,174,1203467,CMR,KOR,62531.363,137020.1
175,175,2951207,FRA,GRC,96358.53,136074.0
176,176,6638555,NGA,HRV,52069.578,135047.2
177,177,45441,AGO,THA,43148.7,133700.0
178,178,2616856,GNQ,KOR,66758.052,126932.7
179,179,38398,AGO,GRC,130465.111,124060.4
180,180,39366,AGO,KOR,36997.097,122711.878
181,181,7335118,QAT,HRV,63849.986,121871.2
182,182,40803,AGO,NLD,265854.732,119793.0
183,183,7493462,RUS,HRV,77879.893,117326.2
184,184,10861243,USA,ISR,59598.5,115921.304
185,185,6651887,NGA,USA,41671.927,115498.958
186,186,6250442,NLD,CHN,91461.432,115399.009
187,187,10713900,USA,BEL,47336.836,114899.15
188,188,9599355,TTO,LTU,72896.576,113189.35
189,189,6518675,NLD,GBR,55818.412,111953.0
190,190,9598674,TTO,ITA,39538.637,111415.0
191,191,7628823,SAU,JPN,72149.87,109424.0
192,192,6355441,NLD,KOR,41978.672,105992.059
193,193,10963740,USA,PAN,53284.825,103640.971
195,195,33230,AGO,BRA,44282.284,99841.0
196,196,3150514,FRA,THA,66646.571,97595.508
197,197,10067469,TUR,PAK,45531.558,91927.7
198,198,2988891,FRA,JPN,52074.091,90075.696
199,199,4188234,IDN,SGP,38494.795,88111.664
200,200,7342965,QAT,NLD,109235.398,83964.6
201,201,6723857,NOR,SWE,54099.704,82688.429
202,202,5433771,LTU,FIN,30645.235,81489.48
203,203,6487808,NLD,SWE,63556.821,81011.0
204,204,7553161,RUS,NOR,38456.411,80481.291
205,205,8990693,ESP,GBR,62815.697,78802.7
206,206,6420801,NLD,PAK,51382.825,77555.443
207,207,8128971,SGP,JPN,136889.835,75290.888
208,208,7565471,RUS,IND,23266.56,73281.833
209,209,7471923,RUS,BGD,20427.761,73198.0
210,210,7567142,RUS,SGP,22282.131,72983.423
211,211,25478,DZA,IND,104623.27,70937.9
212,212,6647907,NGA,SGP,30682.147,70599.615
213,213,7348395,QAT,USA,25147.422,69843.329
214,214,551879,BEL,CHN,32319.877,68235.5
216,216,10310911,EGY,HRV,98838.204,67498.3
217,217,5694296,MYS,SGP,36243.098,66869.902
219,219,10323953,EGY,LTU,21351.64,65865.3
220,220,639291,BEL,KOR,99872.443,64940.7
221,221,2616863,GNQ,LTU,69278.031,64874.7
222,222,6644448,NGA,MYS,15868.479,64805.0
223,223,4099665,IDN,BGD,19269.772,64458.1
224,224,6229820,NLD,BRA,37781.892,64455.8
225,225,21340,DZA,BEL,95919.387,64149.6
226,226,3072688,FRA,PAK,21255.739,63729.5
228,228,8845541,ESP,KWT,30443.84,62346.3
229,229,9485365,THA,JPN,47817.115,61199.661
230,230,5691325,MYS,IND,16170.032,61046.441
231,231,10339355,EGY,THA,29927.512,60868.4
232,232,8133009,SGP,KOR,101843.69,60568.0
233,233,6651362,NGA,GBR,14941.424,60550.3
235,235,8904007,ESP,PAK,46591.322,59985.99
236,236,8195089,SGP,THA,73991.708,59291.539
238,238,9599768,TTO,PRT,17250.271,58986.9
239,239,10306705,EGY,BEL,15745.079,58770.1
240,240,23821,DZA,JOR,23933.324,58438.844
241,241,1203864,CMR,MLT,25125.84,58232.4
242,242,3385853,DEU,ITA,20720.573,57881.1
243,243,9596778,TTO,HRV,59833.175,57458.8
244,244,9596884,TTO,DOM,13955.324,55492.78
245,245,24511,DZA,NLD,14784.166,55267.1
246,246,6889015,PHL,CHN,21097.207,55119.4
247,247,7644996,SAU,SGP,41377.029,54883.6
248,248,9599307,TTO,KOR,27358.675,54691.9
249,249,2616884,GNQ,NLD,15717.847,54059.4
250,250,7618800,SAU,CHN,35932.474,54038.8
251,251,7650330,SAU,THA,41322.886,54001.4
252,252,586655,BEL,FRA,28122.169,52456.524
253,253,8798995,ESP,GIB,46636.104,52290.5
254,254,7556840,RUS,POL,33703.833,51537.74
255,255,7332523,GNB,PAK,19525.249,51308.8
256,256,10378059,GBR,BRA,29516.967,48849.8
257,257,210210,AUS,ESP,69498.699,47080.3
258,258,4785638,JAM,USA,21601.834,47035.152
259,259,10852090,USA,IDN,23890.159,46467.25
260,260,6153429,MOZ,ARE,4241.962,46000.0
261,261,1204181,CMR,NLD,13322.273,45778.0
262,262,2981037,FRA,ITA,28269.086,45520.267
263,263,3563040,DEU,SWE,16105.464,44831.0
264,264,4808355,JPN,MMR,15388.68,42177.342
265,265,9594624,TTO,ARG,15997.395,38426.1
266,266,8829097,ESP,ITA,24713.309,37200.208
267,267,888308,BRA,FRA,20405.207,36052.3
268,268,10787628,USA,DMA,18273.091,35541.843
269,269,10911062,USA,MLT,18216.398,35431.573
270,270,23811,DZA,JPN,21553.123,35363.0
271,271,2921806,FRA,DOM,20372.56,35014.433
273,273,2854886,FRA,BGD,16475.984,32046.403
274,274,6351773,NLD,JOR,12715.259,31093.871
275,275,7499459,RUS,EST,16863.375,30072.603
276,276,6165320,OMN,PAK,7432.268,29899.0
277,277,7527319,RUS,JOR,12067.487,29469.922
278,278,6221450,NLD,BEL,12716.231,28140.383
279,279,4202093,IDN,THA,12309.583,28070.0
280,280,10403361,GBR,COL,11898.367,26237.89
281,281,1890252,CHN,VNM,7338.435,26052.7
282,282,6302522,NLD,DEU,30235.399,25975.4
283,283,2993335,FRA,JOR,10588.945,25882.511
284,284,910558,BRA,JAM,13178.949,23284.7
285,285,8979380,ESP,TUR,33718.516,23023.5
286,286,4108282,IDN,KHM,14737.28,22437.72
287,287,8784447,ESP,FRA,10723.337,21813.782
288,288,10767194,USA,COL,17875.665,21621.082
289,289,5219510,KOR,SGP,12423.63,21280.858
290,290,6162108,OMN,JOR,8376.03,20372.907
291,291,4106895,IDN,MMR,5216.913,19558.95
292,292,5097310,KOR,CHN,12099.997,18109.1
293,293,4782787,JAM,MEX,7484.073,17021.0
294,294,2616699,GNQ,CAN,2051.109,16455.0
295,295,107110,AUS,MMR,5922.033,16355.979
296,296,318743,AUT,ITA,17556.611,15458.5
297,297,6444711,NLD,RUS,22298.063,14884.2
298,298,3313834,DEU,DNK,4144.267,14454.19
299,299,7338239,QAT,JOR,5721.23,13842.963
300,300,10703441,USA,BHS,7059.454,13730.901
301,301,8326052,VNM,KHM,3198.447,12961.536
302,302,601789,BEL,GIB,11848.118,12932.4
303,303,5111897,KOR,SLV,10366.74,12767.261
304,304,8919973,ESP,PRT,6139.419,12389.775
305,305,7523556,RUS,KAZ,2208.394,11764.895
306,306,6170535,OMN,SGP,3061.567,11549.2
307,307,9068459,SWE,FIN,4555.436,11344.77
308,308,6417205,NLD,NOR,6730.81,11340.797
309,309,6829017,PNG,ESP,7632.616,11116.4
310,310,2616770,GNQ,HRV,8028.935,11060.9
311,311,6696933,NOR,LTU,8319.046,10653.608
312,312,4197115,IDN,ESP,10962.823,9351.81
313,313,5476268,LTU,POL,7877.96,9319.818
314,314,5538404,LUX,ITA,4074.665,9300.0
315,315,5253582,KOR,GBR,5682.38,8904.647
316,316,6273524,NLD,DNK,3727.719,8865.956
317,317,112713,AUS,CHL,3465.022,8276.741
318,318,6429402,NLD,POL,8716.596,8070.57
319,319,10746683,USA,CAN,4313.648,7810.785
320,320,9077386,SWE,DEU,7126.511,7408.0
321,321,4442301,ITA,BEL,1612.943,7207.92
322,322,690700,BEL,NOR,4614.057,6700.769
323,323,5370134,LVA,LTU,9951.709,6568.8
324,324,5458303,LTU,LVA,9224.9,6550.4
325,325,10710283,USA,BRB,3959.302,6549.783
326,326,5600045,MYS,AUS,2766.615,6331.79
327,327,2677338,EST,POL,4152.184,5828.1
328,328,4573026,ITA,JOR,2594.734,5697.953
329,329,8206860,SGP,USA,10157.427,5521.82
330,330,8657090,ZAF,SWZ,4803.618,5247.636
331,331,7138577,POL,SWE,2967.488,4409.0
332,332,6928833,PHL,SGP,1312.722,4397.0
333,333,10602585,GBR,SGP,6615.303,4394.62
334,334,2660647,EST,LVA,3040.208,4302.473
335,335,8190359,SGP,ESP,8492.574,4242.52
336,336,9138685,SWE,NOR,3141.842,4208.883
337,337,596468,BEL,DEU,3942.946,4196.498
338,338,6675553,NOR,FIN,3045.102,4182.722
339,339,8598723,ZAF,LSO,3124.155,4091.696
340,340,5873735,MEX,USA,1479.184,4059.171
341,341,2444234,DNK,ITA,1803.451,4005.38
342,342,10679018,TZA,RWA,1174.986,3419.87
343,343,2115455,HRV,ITA,1454.307,3224.395
344,344,748087,BEL,SWE,2478.031,3198.0
345,345,620465,BEL,IRL,1970.928,3186.307
346,346,6703577,NOR,NLD,1335.138,3081.728
347,347,5649435,MYS,ITA,1767.239,3070.75
348,348,9072362,SWE,FRA,2376.475,2776.0
349,349,6991849,POL,CZE,2169.344,2740.152
350,350,11036558,USA,SWE,3353.75,2603.0
351,351,8693806,ESP,AND,1185.278,2593.5
352,352,4999573,KAZ,KGZ,925.718,2441.34
353,353,4520321,ITA,FRA,366.182,2349.518
354,354,2567771,DOM,PAN,21651.0,2256.09
355,355,5121737,KOR,DEU,843.414,2073.23
356,356,5685615,MYS,QAT,1166.16,1990.4
357,357,5669351,MYS,MOZ,868.896,1979.58
358,358,10836644,USA,HTI,984.0,1913.917
359,359,7344652,QAT,SRB,1168.178,1684.72
360,360,679459,BEL,NLD,994.797,1630.111
361,361,721572,BEL,SRB,1065.687,1596.54
362,362,27356,DZA,MKD,668.753,1520.06
363,363,2663957,EST,LTU,822.165,1505.69
364,364,562284,BEL,HRV,754.868,1493.298
365,365,988764,BRA,USA,2064.806,1485.127
366,366,6734260,NOR,GBR,912.418,1440.041
367,367,8480193,SVN,ITA,999.051,1432.61
368,368,3135903,FRA,ESP,733.256,1426.211
369,369,9433589,THA,KHM,2280.096,1418.099
370,370,2560237,DOM,GUY,471.357,1249.677
371,371,7056807,POL,LVA,502.68,1215.05
372,372,7061411,POL,LTU,712.253,1182.02
373,373,1356190,CAN,ARE,278.16,1174.15
374,374,7543642,RUS,MNG,554.973,1001.109
375,375,6618542,NZL,WSM,470.174,975.181
376,376,7041293,POL,ITA,33.285,920.16
377,377,4670683,ITA,ROU,27.06,920.16
378,378,4704336,ITA,SVN,17.76,920.16
379,379,4713096,ITA,ESP,15.721,920.16
380,380,4659500,ITA,POL,8.263,920.16
381,381,5351298,LVA,EST,201.101,915.469
382,382,1099516,BGR,MKD,526.33,877.306
383,383,243718,AUT,BEL,240.729,859.422
384,384,7940473,IND,NPL,539.74,810.0
385,385,5688052,MYS,SAU,323.271,752.586
386,386,6341294,NLD,ITA,79.651,740.761
387,387,3249424,DEU,BEL,656.602,648.571
388,388,9131006,SWE,NLD,637.201,646.0
389,389,7306044,PRT,ESP,437.964,636.3
390,390,751772,BEL,CHE,571.318,614.391
391,391,1763152,CHN,MEX,217.856,605.322
392,392,6680400,NOR,DEU,1015.281,600.0
393,393,8965501,ESP,CHE,371.054,581.974
394,394,3601974,DEU,GBR,308.926,543.601
395,395,1232665,CAN,CHN,320.825,535.97
396,396,3145787,FRA,CHE,251.044,472.106
397,397,4456921,ITA,BGR,12.337,460.08
398,398,4495471,ITA,CZE,11.108,460.08
399,399,4607376,ITA,MLT,10.949,460.08
400,400,4663898,ITA,PRT,7.287,460.08
401,401,6492200,NLD,CHE,560.563,453.044
402,402,626770,BEL,ITA,32.808,431.384
403,403,3128154,FRA,SVN,357.021,423.234
404,404,9150320,SWE,PRT,173.846,410.0
405,405,7123432,POL,SVK,228.213,409.14
406,406,5719630,MYS,USA,212.928,378.637
407,407,2522637,DNK,SWE,348.044,376.0
408,408,672523,BEL,MNE,608.706,364.845
409,409,10680382,TZA,ZAF,289.499,354.723
410,410,62166,ARG,BRA,112.978,344.58
411,411,5626512,MYS,HRV,134.57,320.499
412,412,2648531,EST,FRA,111.111,300.942
413,413,9891740,TUR,BGR,123.767,297.2
414,414,524122,BEL,AUT,197.308,291.355
415,415,535891,BEL,BGR,150.574,289.6
416,416,2681239,EST,RUS,435.224,286.23
417,417,8621391,ZAF,NAM,224.274,255.639
418,418,5257247,KOR,USA,99.097,250.27
419,419,10668428,TZA,BDI,213.319,245.621
420,420,4547729,ITA,HUN,13.154,230.04
421,421,3676133,GRC,ITA,11.869,230.04
422,422,7398073,ROU,ITA,7.811,230.04
423,423,4432135,ITA,AUT,2.271,230.04
424,424,4486955,ITA,HRV,1.863,230.04
425,425,4592330,ITA,LTU,1.406,230.04
426,426,771506,BEL,MKD,133.821,219.01
427,427,6182269,NAM,BWA,124.017,186.264
428,428,9058421,SWE,DNK,112.154,172.53
429,429,2858874,FRA,BEL,108.225,168.332
430,430,2645812,EST,FIN,60.582,168.0
431,431,5430662,LTU,EST,85.16,141.24
432,432,10085245,TUR,ROU,179.51,138.56
433,433,5449463,LTU,ITA,0.867,134.19
434,434,7709027,SRB,MNE,188.651,116.62
435,435,8550951,ZAF,BWA,96.321,115.775
436,436,6268541,NLD,CZE,149.886,115.02
437,437,9770544,ARE,SOM,42.129,108.86
438,438,11081500,USA,VEN,55.582,108.109
439,439,2111471,HRV,HUN,137.88,107.092
440,440,834146,BWA,NAM,65.878,82.75
441,441,10689435,USA,ATG,42.0,81.692
442,442,6212167,NLD,AUT,57.575,76.68
443,443,6164619,OMN,NLD,6.918,76.68
444,444,3118404,FRA,SGP,55.08,73.97
445,445,9192142,SWE,GBR,120.444,73.0
446,446,7346280,QAT,CHE,72.426,70.0
447,447,46669,AGO,USA,44402.697,68.204
448,448,39436,AGO,KWT,44212.654,65.281
449,449,45574,AGO,ARE,30353.366,64.905
450,450,10682916,TZA,UGA,44.642,63.84
451,451,32786,AGO,BGD,41816.346,61.274
452,452,9662113,ARE,GMB,31.427,57.54
453,453,8954680,ESP,SVN,72.653,57.412
454,454,9031378,SWE,BEL,60.63,52.0
455,455,7482629,RUS,BLR,43.658,50.0
456,456,9604465,ARE,AGO,63.945,48.421
457,457,6651259,NGA,MKD,14.078,42.24
458,458,8650816,ZAF,ZWE,18.919,35.266
459,459,9442783,THA,CHN,17.554,35.04
460,460,6475894,NLD,ZAF,45.682,34.542
461,461,10436286,GBR,FRA,12.776,34.03
462,462,10063977,TUR,NOR,49.891,34.0
463,463,7002381,POL,EST,29.169,33.4
464,464,6373382,NLD,LUX,13.69,32.202
465,465,816023,BIH,MNE,27.161,31.3
466,466,7663887,SEN,GMB,2.021,30.2
467,467,8159899,SGP,NZL,42.544,28.75
468,468,5185611,KOR,NZL,56.176,28.512
469,469,6737,ALB,BEL,23.126,25.851
470,470,2141406,HRV,SVK,27.792,22.679
471,471,9847163,TUN,ZAF,19.194,22.06
472,472,10154866,TUR,MKD,6.856,21.22
473,473,572524,BEL,DNK,11.62,20.734
474,474,1140576,BLR,GEO,30.056,20.0
475,475,1863858,CHN,SAU,78.248,19.925
476,476,6480279,NLD,ESP,30.192,19.17
477,477,6449913,NLD,SAU,11.984,19.17
478,478,9647477,ARE,DNK,1.395,19.17
479,479,6328963,NLD,IDN,0.471,19.17
480,480,6331053,NLD,IRN,0.471,19.17
481,481,25459,DZA,SRB,15.129,19.14
482,482,231855,AUS,WSM,6.553,18.84
483,483,9263930,CHE,DEU,19.671,18.415
484,484,10950271,USA,NIC,13.218,16.818
485,485,1484262,CHN,AUS,61.147,14.962
486,486,8231004,SVK,CZE,15.666,13.112
487,487,8070053,SGP,AUS,16.117,12.64
488,488,3567779,DEU,CHE,14.164,12.087
489,489,653014,BEL,LUX,4.093,8.874
490,490,3013724,FRA,LUX,3.456,8.106
491,491,1629929,CHN,GMB,17.804,7.85
492,492,3776288,GUY,USA,2.463,6.764
493,493,3277490,DEU,CAN,1.802,6.3
494,494,3335989,DEU,FRA,2.377,6.261
495,495,2107491,HRV,DEU,7.754,5.808
496,496,10736698,USA,BRN,13.236,5.711
497,497,775671,BEL,GBR,15.614,5.638
498,498,9106028,SWE,KOR,3.498,5.064
499,499,10751775,USA,CYM,1.778,4.837
500,500,3425186,DEU,LUX,1.728,4.035
502,502,3034662,FRA,MEX,1.89,3.676
503,503,3090513,FRA,QAT,1.523,2.963
504,504,2483518,DNK,NOR,2.96,2.29
505,505,10639731,GBR,ARE,18.35,2.121
506,506,3176308,FRA,GBR,0.967,1.882
507,507,793777,BOL,COL,3.656,1.815
508,508,9752899,ARE,SAU,43.676,1.8
509,509,2846244,FRA,AUS,0.921,1.792
510,510,4772808,CIV,FRA,0.603,1.652
511,511,9618282,ARE,BEL,6.719,1.36
512,512,9724320,ARE,OMN,1.8,1.05
513,513,10442908,GBR,GMB,0.025,0.95
514,514,4722984,ITA,CHE,1.136,0.785
515,515,9612189,ARE,BHR,4.298,0.775
516,516,2867338,FRA,BRA,0.391,0.761
517,517,2939216,FRA,GAB,0.38,0.738
518,518,8680673,ZAF,ZMB,3.012,0.631
519,519,10643221,GBR,TUN,13.936,0.624
520,520,8791522,ESP,GMB,0.026,0.525
521,521,1235540,CAN,COL,3.979,0.517
522,522,177142,AUS,NZL,1.011,0.504
523,523,1899602,CHN,ZAF,2.006,0.5
524,524,1565341,CHN,COM,1.61,0.5
525,525,8030100,IND,ARE,5.096,0.48
526,526,5515596,LUX,BEL,0.205,0.444
527,527,2839709,FRA,AGO,0.367,0.424
528,528,9495753,THA,LAO,0.501,0.4
529,529,10032535,TUR,MRT,2.106,0.304
530,530,5610314,MYS,BRN,0.821,0.287
531,531,6912210,PHL,MYS,0.227,0.262
532,532,8616887,ZAF,MOZ,1.246,0.217
533,533,5064748,KOR,DZA,0.936,0.2
534,534,10997239,USA,SAU,0.21,0.2
535,535,3367615,DEU,ISL,0.064,0.174
536,536,6730164,NOR,ARE,2.455,0.168
537,537,7030932,POL,ISL,0.061,0.166
538,538,1760042,CHN,MUS,1.017,0.147
539,539,6292646,NLD,FRA,0.049,0.13
540,540,10690717,USA,AZE,9.574,0.118
541,541,4551574,ITA,ISL,0.046,0.113
542,542,3308044,DEU,CZE,0.088,0.111
543,543,3810406,HKG,BRN,4.124,0.045
544,544,8605667,ZAF,MWI,0.536,0.04
545,545,3403627,DEU,KOR,3.081,0.038
546,546,2000718,COL,CAN,0.009,0.032
547,547,10913824,USA,MUS,0.302,0.027
548,548,7335514,QAT,DNK,0.009,0.027
549,549,8671317,ZAF,GBR,0.034,0.023
550,550,5584967,MDG,COM,0.018,0.02
551,551,6388389,NLD,MUS,0.09,0.018
552,552,6796608,PAK,ARE,0.055,0.018
553,553,10726248,USA,BWA,0.84,0.017
554,554,4625746,ITA,MAR,0.192,0.014
555,555,247529,AUT,BIH,0.1,0.012
556,556,1991144,CHN,ZMB,0.088,0.011
557,557,10817978,USA,GMB,0.031,0.011
558,558,8091025,SGP,LKA,1.278,0.01
559,559,8065085,IND,ZMB,0.197,0.01
560,560,9582434,THA,USA,0.08,0.009
561,561,10718225,USA,BMU,0.061,0.007
562,562,9677366,ARE,IRQ,1.041,0.006
563,563,10277887,UKR,BFA,0.609,0.006
564,564,7434537,ROU,SRB,0.003,0.006
565,565,6150183,MOZ,SAU,1.347,0.005
566,566,1776955,CHN,MNE,0.187,0.003
567,567,6278572,NLD,ECU,0.005,0.003
568,568,8565430,ZAF,COD,0.023,0.002
569,569,7453374,ROU,TUR,0.2,0.001
570,570,8119901,SGP,IDN,0.045,0.001
571,571,1915028,CHN,SWZ,0.002,0.001
572,572,37176,AGO,FRA,75815.833,
573,573,38677,AGO,IDN,55820.291,
574,574,2785947,FIN,NOR,13650.164,
575,575,5002831,KAZ,RUS,120.967,
576,576,10482529,GBR,ITA,34.385,
577,577,5243693,KOR,ARE,32.162,
578,578,3377980,DEU,IRL,26.684,
579,579,7340468,QAT,OMN,17.436,
580,580,4325508,IRL,TUN,13.076,
581,581,6321922,NLD,HUN,6.519,
582,582,3159822,FRA,TUN,4.852,
583,583,11052415,USA,ARE,4.847,
584,584,10606133,GBR,SVK,4.119,
585,585,5239511,KOR,THA,3.111,
586,586,10695978,USA,AUS,1.372,
587,587,7473363,RUS,ARM,0.147,
